repository_id,packet_path,packet_sha256,review_status
node-express,dataset/annotations/workflow-review-packets/node-express.md,4e9fddf9e706c4fa4f692f44aace206813543e09e8ca1a4c3ad06e3b01a7e351,pending
node-koa,dataset/annotations/workflow-review-packets/node-koa.md,13194f2d32f9a8d777188816a90ab6f6e4a218486c16e1f2d1050eb5a7f11716,pending
node-fastify,dataset/annotations/workflow-review-packets/node-fastify.md,c24ea2d2fcf2b6acb1cd511e9c8aaa6a09a6f50159e89d670db06a17b19a5ef6,pending
node-hapi,dataset/annotations/workflow-review-packets/node-hapi.md,eaa47eefc5e22fe8e664b3554ba79988097e4eb7ea8bc40660115c8d421b0b67,pending
node-axios,dataset/annotations/workflow-review-packets/node-axios.md,1dc7f0967622539d82ddbd3199bc1cfae2e8f31cb33a15a9e9145ebcda97dcc2,pending
node-chalk,dataset/annotations/workflow-review-packets/node-chalk.md,0decf15ef477e6af04a40b8dd189b11e168703943d9ff257dfc04601a63f5180,pending
node-got,dataset/annotations/workflow-review-packets/node-got.md,fafbf3cdf29b9e6ca81869ecd6a2b6e227ad29155aca7686e77468808b2ad5e4,pending
node-commander,dataset/annotations/workflow-review-packets/node-commander.md,9b4d0594693144819459aa95766b8e097a1da860075ec4f1c798254b61206f5c,pending
node-yargs,dataset/annotations/workflow-review-packets/node-yargs.md,c580c33fe8730786d429902a4b4b725066a81ce4e77bcba6218a48f1f9aeb924,pending
node-vitest,dataset/annotations/workflow-review-packets/node-vitest.md,ffab3952ba6d6e915c07b51f25714a9faa1c329395a711eda562021b8dcdbb29,pending
node-vite,dataset/annotations/workflow-review-packets/node-vite.md,6bdc98466de2c6a4470b557d44fc1a7b0176e0cd76a8b3d1f6aa05f09720ebf2,pending
node-eslint,dataset/annotations/workflow-review-packets/node-eslint.md,3d65bb4351b29666c2dd840a1cfcfeefdf0ec8930339e23151636ba238305313,pending
node-prettier,dataset/annotations/workflow-review-packets/node-prettier.md,1f1a009d7454995dab2d7490259f91d9c3568d7f58b508043690d1ad77b4cfbb,pending
node-socketio,dataset/annotations/workflow-review-packets/node-socketio.md,a2f81f385efe6f874bce58105fcf3606d313aa15d368eaf4e50ab9fb132afd65,pending
node-sequelize,dataset/annotations/workflow-review-packets/node-sequelize.md,487d39ec7aac2ef0fd2cc87d358ce756992533cb9bfa5de38983644517ce8573,pending
node-json-server,dataset/annotations/workflow-review-packets/node-json-server.md,c669153aa9a922af0624027537d925bdeef0cb481ad5496a7102a6190594efa3,pending
node-lint-staged,dataset/annotations/workflow-review-packets/node-lint-staged.md,8b6d71d69fda266ec60efa1cc5606fc0b33c7a228509ae3d020da389aa4dc4b9,pending
node-semver,dataset/annotations/workflow-review-packets/node-semver.md,f60f7bc40107084aa5c9bbf5077331f52884725d68a452bec07f1b3040762db3,pending
node-glob,dataset/annotations/workflow-review-packets/node-glob.md,f1af8681eadef017eb972600ea8ce6bb89f30ee4c859f7aa21c0c2c57635f1e9,pending
node-zod,dataset/annotations/workflow-review-packets/node-zod.md,1fc5ee6480203b728a3f8312416dd8f7983a3af26cfd1abf119cac319e14551b,pending
python-flask,dataset/annotations/workflow-review-packets/python-flask.md,45a3601c4b2abd0429ae2dbf4732e87afb39c32f4a105544fd94fb7695d7b415,pending
python-fastapi,dataset/annotations/workflow-review-packets/python-fastapi.md,93316959dafe3ba96a966e12051e4fa394c7a2e736ca2c3a95645586a9bd6a62,pending
python-django,dataset/annotations/workflow-review-packets/python-django.md,82d523c44c575777fef7305a1f4dd77024f06a1ca69d84991075746de3912066,pending
python-requests,dataset/annotations/workflow-review-packets/python-requests.md,856b350879678ce370166c1701e11b654a31a14dc099352e5de5afeba7c71b75,pending
python-httpx,dataset/annotations/workflow-review-packets/python-httpx.md,bc2d02305d51e0684c64d1a9a1f4f1a0d29ae2209ded511e5e1a41f35fa3d138,pending
python-pytest,dataset/annotations/workflow-review-packets/python-pytest.md,54fe1edb6a908bd4f9db0f34043fcabfea7e864b1ca702e0d22b2d4960cbb968,pending
python-pydantic,dataset/annotations/workflow-review-packets/python-pydantic.md,540ee34c2b865b9e66cf66ba55614047f3276b13efc9dd092ef0bfb38cef1d20,pending
python-sqlalchemy,dataset/annotations/workflow-review-packets/python-sqlalchemy.md,8237994ecc418f1f85ab9e5b4dd2d6522d1cb1bdd3396fd051e79bff5a617837,pending
python-celery,dataset/annotations/workflow-review-packets/python-celery.md,48cc3bd54ee99ab2ea85e439c711d63f22b2cc208f5ff548ad346a9295aed974,pending
python-scrapy,dataset/annotations/workflow-review-packets/python-scrapy.md,210011ca952fd6d72eab046fb18f7e113d89f6d4caab97bb0b0aca20a9cf4ec1,pending
python-tornado,dataset/annotations/workflow-review-packets/python-tornado.md,6a22e4f4228e9f5134bffc28ce8280274ba556af724713921c20c77ff9d99fcc,pending
python-bottle,dataset/annotations/workflow-review-packets/python-bottle.md,5b3f6a223c0426133b69d5a3935d6823ff26d6963363c3f51ba8d8d6ff35681d,pending
python-starlette,dataset/annotations/workflow-review-packets/python-starlette.md,8b0979475b6a9142396e124e58b0107edffb0656cb510d9927517df8feb1d858,pending
python-sqlmodel,dataset/annotations/workflow-review-packets/python-sqlmodel.md,d2982737b9dde9cdf080f6aaececedc096039018de7abd9364c2f6eb515ff66c,pending
python-poetry,dataset/annotations/workflow-review-packets/python-poetry.md,565e1c4a436927d8c7ce5542711b993ea00b7cdff2b243b0719c7d260c33ba00,pending
python-pip,dataset/annotations/workflow-review-packets/python-pip.md,b8a7804db6ec6b50a42fb8c6309b2502cb17a75f5aabcd3f55ca42fcb23493bc,pending
python-virtualenv,dataset/annotations/workflow-review-packets/python-virtualenv.md,c8801ae4f94056bc933fc54769c4c17678c224bdb99ae9549e050b3b9671a9bd,pending
python-black,dataset/annotations/workflow-review-packets/python-black.md,d47941bf4969fdadbb6d247dd1d575c3ced626a91139e713b8dea59338f13ca7,pending
python-flake8,dataset/annotations/workflow-review-packets/python-flake8.md,9404abccbb553cd8f16fb79be38dcfe68a286fdef95d03d76c1bf54ee4d232df,pending
python-click,dataset/annotations/workflow-review-packets/python-click.md,eebd47bc43413a7ae938fb696e25d4f6227db7c491cb5d77b39907383a5d40a8,pending
docker-link-shortener,dataset/annotations/workflow-review-packets/docker-link-shortener.md,51cb2d86d779630303f4e291fc4db7aa1416c8c6899eb8dddad3a44e9bef446e,pending
docker-awesome-compose,dataset/annotations/workflow-review-packets/docker-awesome-compose.md,abae4a20877a87ff000ee5e60880ace42c11bb628788b0173bd409e6e22a5cae,pending
docker-voting-app,dataset/annotations/workflow-review-packets/docker-voting-app.md,ba617e44f40e363c209967ee0fdce3963f119e8573768c4d599a98d4eaf4e808,pending
docker-swarm-visualizer,dataset/annotations/workflow-review-packets/docker-swarm-visualizer.md,99694b79d521f95d591995f69e19fd05cbd602ba8f0f295f92c91ee3fb7ab5fa,pending
docker-wordsmith,dataset/annotations/workflow-review-packets/docker-wordsmith.md,0004f7860803a9b10596564b7cae55f1d53e736146bfbeee699004f28315f11b,pending
docker-node-board,dataset/annotations/workflow-review-packets/docker-node-board.md,6ede57c0e7e3226e5f776a69b35cb8a0bd330fe6d9d7cb9ac1e65110deef383a,pending
docker-dockercoins,dataset/annotations/workflow-review-packets/docker-dockercoins.md,43caad89c7ae53c514b780abd3ad569ac0a10cf9ea36d6f5103a9fa9ab1db1f1,pending
docker-django-postgres,dataset/annotations/workflow-review-packets/docker-django-postgres.md,16f4f70e1693286674475299b125bd14c5d964b0753ce51382f1ba8019887cc4,pending
docker-testcontainers-python,dataset/annotations/workflow-review-packets/docker-testcontainers-python.md,a65393b5260fc3f45fd2d765202ab545f77cfe51a03d6f4a69d70d7f201f87b6,pending
docker-testcontainers-node,dataset/annotations/workflow-review-packets/docker-testcontainers-node.md,8eff490d1471371968bb1229c903c27142d42ba72bb08fb01b519d2c935ba8d2,pending
